{"currentHealth":100.0,"currentHunger":99.452392578125,"currentThirst":99.7261581420898,"currentEXP":0.0,"LvLcounter":0,"posx":-1.37800002098084,"posy":0.458000004291534,"posz":0.0,"day":0,"hour":8,"minute":2.73796272277832}